epoch,train_loss,val_loss
0,0.8536291615462598,0.8818061351776123
1,0.8288155948674237,0.8814740180969238
2,0.8104739667456827,0.8813770413398743
3,0.7853783611898069,0.8813397288322449
4,0.7663772694858504,0.8813060522079468
5,0.7532323157345807,0.881268322467804
6,0.7354368898603652,0.8811830282211304
7,0.7150598815929743,0.8809499740600586
8,0.7065257981971458,0.8802965879440308
9,0.6869222234796595,0.8784031867980957
10,0.6719426917441097,0.8733646273612976
11,0.6551658121156104,0.86025470495224
12,0.6617600476300275,0.8286677598953247
13,0.6355425936204416,0.7780979871749878
14,0.6467045678032769,0.7247235178947449
15,0.6260239084561666,0.6822863817214966
16,0.6333730647593369,0.6591081619262695
17,0.6208800371782279,0.6502485275268555
18,0.6074611993483555,0.6455413103103638
19,0.6036618535901294,0.6500662565231323
20,0.5944338139192558,0.6584924459457397
21,0.6085175746752892,0.6688466668128967
22,0.6044291029741735,0.6815149784088135
23,0.5861151498041035,0.6892877817153931
24,0.5664540183396987,0.6979384422302246
25,0.5720621833094844,0.7050786018371582
26,0.5558893040374473,0.705528736114502
27,0.5601441889633367,0.7063146829605103
28,0.5603987280233407,0.708580732345581
29,0.5519541840494415,0.7097693085670471
30,0.5611379911870132,0.7110216617584229
31,0.5306181789916239,0.7099472284317017
32,0.5334434597580521,0.7102577686309814
33,0.5292405434596685,0.7094343900680542
34,0.53674570866573,0.7069353461265564
35,0.5338003370496962,0.7044137120246887
36,0.5145773865558483,0.6991497278213501
37,0.5126698929586528,0.6963489055633545
38,0.5039240673736289,0.6948059797286987
39,0.5034119567753356,0.6891923546791077
40,0.4906494470290196,0.6830289363861084
41,0.5121837869102572,0.6798610687255859
42,0.4954033471919872,0.6765625476837158
43,0.48149321918134336,0.6736924052238464
44,0.5007803543114367,0.670443594455719
45,0.4870279379832892,0.6664407253265381
46,0.49855754993580004,0.6663297414779663
47,0.48706334461400536,0.6646300554275513
48,0.5067934092180229,0.6648733615875244
49,0.46245467957155206,0.666229248046875
50,0.47354205743766126,0.6642715930938721
51,0.4588486898092576,0.6624399423599243
52,0.48178315309830655,0.6582555770874023
53,0.48860009805655774,0.656283438205719
54,0.4625176250198741,0.6544839143753052
55,0.48344150295963995,0.6554564237594604
56,0.4701311617721746,0.6521692276000977
57,0.4465659032633275,0.6476516723632812
58,0.46028675929999646,0.6454935669898987
59,0.4514738909992171,0.6448961496353149
60,0.4442140217180605,0.6445258855819702
61,0.45840497149361503,0.645405113697052
62,0.42623318713388325,0.6427776217460632
63,0.447055118319429,0.6372655630111694
64,0.44705404469996324,0.6348177790641785
65,0.4499165651238995,0.6331701874732971
66,0.4383644101060467,0.6325852870941162
67,0.4254437942563752,0.6317833662033081
68,0.43183225908397155,0.6344149708747864
69,0.44157540724601274,0.6335729360580444
70,0.4372700938472041,0.6324788331985474
71,0.4327195146937429,0.631214439868927
72,0.43282933882725094,0.6316474676132202
73,0.4245044302057337,0.6292548775672913
74,0.408991241896594,0.6271312832832336
75,0.4413149158159892,0.6239017248153687
76,0.41014769342210555,0.6214610934257507
77,0.43543384766873017,0.6202317476272583
78,0.4346364066924578,0.6179555654525757
79,0.4086883936399295,0.6124509572982788
80,0.43164524987891867,0.6087286472320557
81,0.4059312520203767,0.6059997081756592
82,0.4363557615397889,0.6025263071060181
83,0.4340946137169261,0.6022360324859619
84,0.4102697291491944,0.6024541258811951
85,0.3976347439083052,0.6030222177505493
86,0.4208386974570192,0.6007906198501587
87,0.40123301229359193,0.6017434597015381
88,0.39931943313575086,0.5999389290809631
89,0.42706434299916396,0.5980859398841858
90,0.42082215532844447,0.5954357981681824
91,0.4225473698274589,0.5929163694381714
92,0.39903594535074116,0.5886461734771729
93,0.4088087773617403,0.5827632546424866
94,0.41700182211251907,0.5791782140731812
95,0.41520132106027485,0.5800305008888245
96,0.40074856487321264,0.5804767608642578
97,0.4041906249375991,0.581453263759613
98,0.397806148470184,0.5791350603103638
99,0.38827780146657687,0.5821923017501831
100,0.4076872070630391,0.5813857316970825
101,0.41062479622570086,0.5824571847915649
102,0.3953191211194168,0.5789917707443237
103,0.39759131493391814,0.5777207612991333
104,0.3936458509645344,0.5774741172790527
105,0.3874165047833949,0.5753344297409058
106,0.37994636282508754,0.5740509629249573
107,0.3884142232529911,0.5732347369194031
108,0.3820540191214762,0.5687392354011536
109,0.38239191932442745,0.565887451171875
110,0.39839366483099664,0.5618133544921875
111,0.39241789373350733,0.5597597360610962
112,0.3967120551768644,0.5583444833755493
113,0.39094152862643017,0.5580099821090698
114,0.396186508514263,0.5571770668029785
115,0.40580236028741906,0.5603772401809692
116,0.377490465287809,0.55958092212677
117,0.37721851578465215,0.5593479871749878
118,0.38133613342120326,0.5589091777801514
119,0.396055480580271,0.5562857389450073
120,0.3787482608983546,0.5526502728462219
121,0.38037430136292066,0.5508749485015869
122,0.3642141752772861,0.5509811639785767
123,0.3868342696884532,0.5496681332588196
124,0.39604017322446095,0.5514503717422485
125,0.37649896409776473,0.5528052449226379
126,0.37031286660535834,0.5564455986022949
127,0.3904389260727682,0.5598398447036743
128,0.3677039529070442,0.5640692710876465
129,0.37442874172587454,0.5651043653488159
130,0.39837697332288013,0.55522221326828
131,0.372258488042855,0.5496143102645874
132,0.3836882165920587,0.5446835160255432
133,0.37347809032157614,0.534072995185852
134,0.38783138033784464,0.5271902680397034
135,0.3829297798651236,0.5289640426635742
136,0.381284518742267,0.5332168340682983
137,0.37145638980983214,0.5368703603744507
138,0.386886163994118,0.5361518859863281
139,0.3656045029192795,0.5450626611709595
140,0.367109794675568,0.5445442795753479
141,0.38162566040769036,0.539634108543396
142,0.3739194421120632,0.530732274055481
143,0.3712383876612157,0.5126043558120728
144,0.37102014047128185,0.5043823719024658
145,0.38471525098070686,0.50665283203125
146,0.3830460243754917,0.5073797702789307
147,0.3836261961195204,0.5157721042633057
148,0.3836116636240924,0.5242421627044678
149,0.3768636878625846,0.5256381630897522
150,0.3600001460240211,0.5175703763961792
151,0.39192919966615275,0.516411304473877
152,0.38189466132058036,0.5264465808868408
153,0.3870867262651891,0.5500221252441406
154,0.3652455703711804,0.5669180154800415
155,0.3747974457564177,0.5698603391647339
156,0.3673840076835067,0.5700241327285767
157,0.3608113313898628,0.5676709413528442
158,0.36111666317339297,0.5543555021286011
159,0.36588457263546226,0.5357396602630615
160,0.3549617212495686,0.5242481231689453
161,0.37626600118330966,0.5208364725112915
162,0.36708514484358423,0.5328577756881714
163,0.3716805194631035,0.5414537191390991
164,0.3628031346533034,0.5504411458969116
165,0.37272577815585667,0.5568616390228271
166,0.3612123418737341,0.5574910640716553
167,0.36339072312837767,0.5513378381729126
168,0.359329914605176,0.545097291469574
169,0.3596021054703512,0.5304875373840332
170,0.379757285118103,0.5162842273712158
171,0.3629014241842576,0.5261734127998352
172,0.35618464961464025,0.5297088623046875
173,0.3668754542315448,0.533922553062439
174,0.364381202209143,0.5314608216285706
175,0.372525926725364,0.5327883958816528
176,0.3484843012727337,0.5339715480804443
177,0.36905558756840084,0.5322918891906738
178,0.37033607341625074,0.5322543382644653
179,0.37959832909666463,0.5209625959396362
180,0.3635171188248528,0.5144248604774475
181,0.3589984929120099,0.5038113594055176
182,0.37088753706143224,0.5084331035614014
183,0.37560158379283953,0.5209194421768188
184,0.3725228353782936,0.5182170271873474
185,0.3725686647273876,0.5194411277770996
186,0.3765683012244142,0.5271220207214355
187,0.3647305030881623,0.5266987085342407
188,0.362051295645443,0.5207344889640808
189,0.3624998698999852,0.5199826955795288
190,0.3531924213892148,0.5111594200134277
191,0.3686685863836312,0.504631757736206
192,0.35889171597398356,0.4960670471191406
193,0.34799141795546923,0.5060732960700989
194,0.36088900580818273,0.5095149278640747
195,0.36214394996195665,0.5141223669052124
196,0.36015813144636744,0.5208412408828735
197,0.362822092609641,0.5232216715812683
198,0.3562146719591117,0.5344266891479492
199,0.35734677535516246,0.5373632311820984
200,0.35200017837830533,0.5174873471260071
201,0.3595400710164765,0.5044658184051514
202,0.3729196683860119,0.5090886354446411
203,0.36540664125371863,0.5301855802536011
204,0.3661371646104036,0.534902811050415
205,0.36694342192308405,0.5275988578796387
206,0.3635943818975378,0.5145406723022461
207,0.35744410164562274,0.4947420358657837
208,0.34747695407749696,0.4870802164077759
209,0.38008228275511,0.4870607256889343
210,0.3530173757929861,0.48721837997436523
211,0.3587106333838569,0.4933239221572876
212,0.3659521738688151,0.4952278137207031
213,0.3563613266120722,0.49781471490859985
214,0.3422534958815869,0.5137925744056702
215,0.3606836869392866,0.5270988941192627
216,0.3479042811158263,0.538874626159668
217,0.36633292539620105,0.5371993184089661
218,0.35188129875395036,0.5284714698791504
219,0.35245385066962537,0.5089744329452515
220,0.3376803317187745,0.4872119426727295
221,0.3428664950676906,0.4883881211280823
222,0.3395704443072095,0.5092801451683044
223,0.35854766913402225,0.5262974500656128
224,0.36971040934692195,0.5463564395904541
225,0.36763483727419816,0.5606579780578613
226,0.3426519117237609,0.5620831251144409
227,0.34466643613061787,0.5533874034881592
228,0.3504116255560039,0.5368881225585938
229,0.346141869639173,0.5229387283325195
230,0.34551383242195033,0.5074592232704163
231,0.35208705472357477,0.506482720375061
232,0.34739688443548883,0.5083522796630859
233,0.35701003781071416,0.5078619718551636
234,0.3364515488530383,0.5081861019134521
235,0.35598827291418006,0.5157679319381714
236,0.35510093930326864,0.5150727033615112
237,0.35911598102546033,0.49973130226135254
238,0.3492912377840207,0.49732398986816406
239,0.34207008208757567,0.5035608410835266
240,0.361860661594956,0.5065324902534485
241,0.3523938670570468,0.5043696165084839
242,0.35358056977943136,0.5034077167510986
243,0.34980268758020283,0.4964548349380493
244,0.34202716600747757,0.5064122676849365
245,0.3458029760254754,0.5181228518486023
246,0.34837351463459154,0.5153176188468933
247,0.34699234550381886,0.5153402090072632
248,0.35153730783933473,0.5123918056488037
249,0.3512130394394015,0.5023449659347534
250,0.3368224486892606,0.49615126848220825
251,0.33815745144714543,0.48852747678756714
252,0.3523514660788171,0.48319512605667114
253,0.3332307213618432,0.49181807041168213
254,0.3393212586273382,0.49621862173080444
255,0.33279875693497835,0.49501127004623413
256,0.32679449923244525,0.495516300201416
257,0.32615132685060855,0.49283719062805176
258,0.34105373753441703,0.49659836292266846
259,0.3451463116539849,0.49013614654541016
260,0.3304550353391671,0.4932434558868408
261,0.3320634306213002,0.4973803758621216
262,0.3295053008161945,0.48923999071121216
263,0.34057742945941877,0.49315619468688965
264,0.34909118914309845,0.4883376359939575
265,0.3123185619895841,0.4877548813819885
266,0.3160709768165777,0.48756593465805054
267,0.3253831274715471,0.491382360458374
268,0.33040368336218373,0.49852561950683594
269,0.33258876977143464,0.4985302686691284
270,0.3201951936439232,0.5010594129562378
271,0.3252531952328152,0.49876874685287476
272,0.318204880496602,0.48992663621902466
273,0.3172693407094037,0.48292863368988037
274,0.32771116863062355,0.48535263538360596
275,0.3159645707518966,0.4838942289352417
276,0.31508866872316527,0.48703283071517944
277,0.31663082705603707,0.49417364597320557
278,0.3088678805916398,0.5018718242645264
279,0.3306322090419722,0.5081603527069092
280,0.31886725808367317,0.5116293430328369
281,0.3087261944641302,0.5082097053527832
282,0.30831309380354704,0.5041026473045349
283,0.30033603053034086,0.4989662766456604
284,0.30888255142871246,0.4947200417518616
285,0.3183733276378961,0.48858940601348877
286,0.30485975300824203,0.475843608379364
287,0.3189660399048417,0.47244447469711304
288,0.32073603147341884,0.4726153612136841
289,0.3095702116872058,0.4763248562812805
290,0.3150009299501961,0.48207080364227295
291,0.292436080214418,0.4769493341445923
292,0.3155014043972816,0.4790163040161133
293,0.3327463578294825,0.48033595085144043
294,0.29634034044948626,0.48457401990890503
295,0.3310265783910398,0.48559731245040894
296,0.3227042666187993,0.4848506450653076
297,0.3100319313414303,0.4843992590904236
298,0.3000006241562926,0.48560619354248047
299,0.30122428028671827,0.48023295402526855
300,0.3120547694924437,0.4788064956665039
301,0.31837735794208666,0.47240155935287476
302,0.3100182936515337,0.4644215703010559
303,0.32096803114737993,0.46588456630706787
304,0.31604750436029316,0.4696056842803955
305,0.31100954170580264,0.47425776720046997
306,0.30711355253502176,0.4808225631713867
307,0.30264302830637235,0.48619329929351807
308,0.3208539022339715,0.4976125955581665
309,0.31706616319256065,0.506149411201477
310,0.3296775449941188,0.5094788670539856
311,0.3108973628208961,0.5129234790802002
312,0.3056227351412361,0.504686176776886
313,0.30951061292930887,0.505178689956665
314,0.31838198723616423,0.5055047273635864
315,0.30481354689892426,0.5086219310760498
316,0.31328700942757687,0.5198532342910767
317,0.3242551529849017,0.523166298866272
318,0.3133721542947086,0.5148893594741821
319,0.297882154399966,0.5042055249214172
320,0.3151253241079825,0.4977957606315613
321,0.30032583519264505,0.4839816689491272
322,0.3179915054344837,0.481301486492157
323,0.302076236701306,0.48007649183273315
324,0.3030249667756351,0.4849616289138794
325,0.2962729746912732,0.48500335216522217
326,0.3190666407714655,0.4828478693962097
327,0.30975037813186646,0.47335314750671387
328,0.30257528284449636,0.46807771921157837
329,0.30295492911044464,0.4640583395957947
330,0.30798935595853827,0.46284914016723633
331,0.3131217426723904,0.4588472843170166
332,0.30220958406542553,0.46162235736846924
333,0.30830804506937665,0.46338778734207153
334,0.3091809933568225,0.47140318155288696
335,0.3236637733600758,0.4715667963027954
336,0.3158564972288815,0.4797208309173584
337,0.3071165489561764,0.4903392195701599
338,0.29454603018584075,0.49211585521698
339,0.30551865071426204,0.4873063564300537
340,0.28687731792897353,0.4813661575317383
341,0.31381483799145543,0.4849785566329956
342,0.308473879908338,0.48545050621032715
343,0.311295415148323,0.47771012783050537
344,0.2966165410147773,0.4648568034172058
345,0.31781531704796684,0.46298617124557495
346,0.3019770832709324,0.45923560857772827
347,0.30720818410685036,0.46315091848373413
348,0.3017366690400206,0.4583418369293213
349,0.297798987524009,0.4603945016860962
350,0.2985862905596509,0.4659312963485718
351,0.31330615649988625,0.4766199588775635
352,0.28622872078860245,0.48754245042800903
353,0.2967846128675673,0.4840747117996216
354,0.3025723894437154,0.4826446771621704
355,0.3055125460212613,0.4645545482635498
356,0.313703496515015,0.4665676951408386
357,0.29468065058743514,0.46340471506118774
358,0.2965867615040438,0.4698064923286438
359,0.29894167994275506,0.4691438674926758
360,0.2989820146266325,0.47526413202285767
361,0.29682837665816886,0.4684351682662964
362,0.29662357215528135,0.47097039222717285
363,0.29659352479157625,0.46840494871139526
364,0.3140570271162339,0.463425874710083
365,0.30820207610542394,0.46303731203079224
366,0.31760593549704846,0.4672085642814636
367,0.30320580064514535,0.4705772399902344
368,0.29884139108069147,0.4729843735694885
369,0.31388449521712314,0.46980810165405273
370,0.29673349562986395,0.4616786241531372
371,0.31010158856709796,0.45121580362319946
372,0.28474003665241193,0.44796180725097656
373,0.29268284565136754,0.4473217725753784
374,0.2955149816878048,0.45262956619262695
375,0.2879017606193637,0.45862263441085815
376,0.29086346832322485,0.46513819694519043
377,0.2996385531660951,0.4802437424659729
378,0.3092380357377323,0.49165523052215576
379,0.28538088960412106,0.49689382314682007
380,0.2941171107468782,0.4814227819442749
381,0.3038870236020029,0.47995930910110474
382,0.28891795064196174,0.47282010316848755
383,0.29201597343256447,0.46634232997894287
384,0.28010239645286844,0.47401249408721924
385,0.29450944397184586,0.4701347351074219
386,0.29058526548338526,0.4670204520225525
387,0.28239677717656264,0.46412044763565063
388,0.2657648273456244,0.4580315947532654
389,0.2827024224363727,0.4673556089401245
390,0.2931026014280908,0.48575806617736816
391,0.29538327970622497,0.48062407970428467
392,0.2916905232417731,0.4731539487838745
393,0.2852873044249452,0.4683187007904053
394,0.2965197776570732,0.4612361788749695
395,0.283348317499514,0.45075148344039917
396,0.30215824018290016,0.44828784465789795
397,0.2933417448291072,0.46061044931411743
398,0.2753843311910276,0.4717205762863159
399,0.29163440068562824,0.4785696864128113
400,0.2894799495920723,0.47800958156585693
401,0.2940185180416814,0.47681498527526855
402,0.2764026426974638,0.47146087884902954
403,0.2771783507900474,0.4670119881629944
404,0.28123349172097667,0.4594801068305969
405,0.26888772366959374,0.45457637310028076
406,0.288254815855144,0.45022451877593994
407,0.2708071698377162,0.45155805349349976
408,0.2951937067655869,0.4469265937805176
409,0.2739209400282966,0.4420819878578186
410,0.26489590568307003,0.43850255012512207
411,0.2729110298333345,0.438377320766449
412,0.2731809167214382,0.4379125237464905
413,0.27279762279840164,0.4404265880584717
414,0.26789612019503556,0.44248801469802856
415,0.27508085818938266,0.4410439133644104
416,0.27603349641517355,0.4406980872154236
417,0.28196392824620375,0.44096773862838745
418,0.27750470608840755,0.4324733018875122
419,0.2745047123343856,0.42757153511047363
420,0.27336922103976025,0.42525994777679443
421,0.27499689879240813,0.4224663972854614
422,0.2631378946480928,0.4268507957458496
423,0.2675583259558972,0.4264339208602905
424,0.2709105677074856,0.42965489625930786
425,0.2654057630786189,0.4441331624984741
426,0.2727545264326496,0.4502919316291809
427,0.2737505553681173,0.4522268772125244
428,0.2702197292704641,0.4512319564819336
429,0.28307882650398913,0.4494755268096924
430,0.27204529959478496,0.44873833656311035
431,0.2831915256417828,0.44706618785858154
432,0.27006090423207224,0.4468575119972229
433,0.274331721994612,0.4455709457397461
434,0.28236297766367596,0.44307756423950195
435,0.26183605046919833,0.44095540046691895
436,0.27698483290495696,0.4362996220588684
437,0.2827382963380696,0.4363284111022949
438,0.27034644727353696,0.4326944947242737
439,0.2778989017745595,0.42538732290267944
440,0.26920573505354517,0.41726255416870117
441,0.28311996621850094,0.4185943007469177
442,0.2601685884558124,0.42535150051116943
443,0.26574535575913794,0.43469172716140747
444,0.25920028892564184,0.437391996383667
445,0.2798396341594649,0.44236868619918823
446,0.26844619968791067,0.4407491087913513
447,0.26152226733572687,0.4395391345024109
448,0.2670239195411588,0.4453151226043701
449,0.26546321091828523,0.4520813226699829
450,0.2627943746837569,0.4601061940193176
451,0.2705406708481871,0.4576278328895569
452,0.25672446724809245,0.4543032646179199
453,0.2670914354147734,0.44854897260665894
454,0.276998621446115,0.4548269510269165
455,0.2781720220306773,0.4622740149497986
456,0.2710792665128355,0.4709739089012146
457,0.2648460261615706,0.4712076783180237
458,0.27059004998501435,0.46763932704925537
459,0.2687420403515851,0.46001309156417847
460,0.26869232639854335,0.45380812883377075
461,0.26571255554387596,0.45014286041259766
462,0.26574310108467386,0.4451789855957031
463,0.25331550321461244,0.44740670919418335
464,0.2652570656788202,0.44928598403930664
465,0.27305227886011574,0.4444155693054199
466,0.28565991513523054,0.44007569551467896
467,0.2754050471164562,0.44110339879989624
468,0.2622053056587408,0.43595200777053833
469,0.25275151597128975,0.4330466389656067
470,0.26978735349796434,0.4335712790489197
471,0.2720191854017752,0.4352879524230957
472,0.2727041487340574,0.43267112970352173
473,0.2684381000789595,0.4339638948440552
474,0.2671055543569871,0.43809014558792114
475,0.27047475546966365,0.44545137882232666
476,0.27305971766695564,0.4517573118209839
477,0.28242144687676135,0.44903886318206787
478,0.26932214660409054,0.45018601417541504
479,0.2602577606836955,0.4407799243927002
480,0.2744574686627329,0.4425981640815735
481,0.26768535081251166,0.44142478704452515
482,0.26158435329978846,0.44379210472106934
483,0.26322769309267585,0.4425002932548523
484,0.2601078086429172,0.44458675384521484
485,0.2677384143994178,0.4452235698699951
486,0.2725577177824797,0.4409554600715637
487,0.2742832803431852,0.4331364035606384
488,0.27500870419137274,0.4285199046134949
489,0.271938607280637,0.4343472719192505
490,0.2667299214704537,0.4290674924850464
491,0.2690489218558794,0.4296104907989502
492,0.2687440543998907,0.4381554126739502
493,0.26014267441667155,0.44455647468566895
494,0.26008816560109455,0.44664889574050903
495,0.2651592669663606,0.4423419237136841
496,0.26930465300877887,0.4453331232070923
497,0.2618789488886609,0.4437757730484009
498,0.29437697522434186,0.44218379259109497
499,0.27951430023452384,0.44547581672668457
500,0.26959870258967084,0.4381483793258667
501,0.26589833512718297,0.43562471866607666
502,0.2761577139666051,0.43479299545288086
503,0.2726195940264949,0.4374932050704956
504,0.26485048988719045,0.43816131353378296
505,0.2672344696374587,0.4409109354019165
506,0.25979485850275297,0.4400322437286377
507,0.2676883582715635,0.44158607721328735
508,0.26249414608802324,0.44186651706695557
509,0.27016623520556793,0.44853341579437256
510,0.2612387420218668,0.44726675748825073
511,0.255108341022774,0.4453585147857666
512,0.2596469418502148,0.4486437439918518
513,0.2547428887567402,0.4478103518486023
514,0.26870569917890763,0.45193517208099365
515,0.2712654361018428,0.44489383697509766
516,0.25625647365311044,0.4475044012069702
517,0.2807830630997081,0.44883859157562256
518,0.2726167116636111,0.4479544758796692
519,0.26884465600237434,0.43755102157592773
520,0.2765225451669575,0.4372926950454712
521,0.25700727141933677,0.44218140840530396
522,0.26832580051304383,0.45404475927352905
523,0.2586013939645555,0.4533534049987793
524,0.25810630306785487,0.4570103883743286
525,0.25583504011601577,0.4574725031852722
526,0.2678141873559834,0.4586583375930786
527,0.272237879258615,0.4553566575050354
528,0.2671667433079378,0.44938552379608154
529,0.26826922172381557,0.43555688858032227
530,0.2774605162349748,0.4294378161430359
531,0.2584476434154275,0.42285656929016113
532,0.25907881613130923,0.4198947548866272
533,0.27937875706472515,0.421730637550354
534,0.27479079991211125,0.4192141890525818
535,0.2527874884782014,0.42999267578125
536,0.2668135467870736,0.44314438104629517
537,0.26757390337225834,0.45023536682128906
538,0.2690456509590149,0.43812811374664307
539,0.2681879857440054,0.43085557222366333
540,0.27166558857317324,0.42621034383773804
541,0.2646830081939697,0.42481130361557007
542,0.269231770509555,0.4284973740577698
543,0.26158881113852983,0.4291077256202698
544,0.2783962708932382,0.43760448694229126
545,0.27536743143458425,0.44305419921875
546,0.26096280268680905,0.4577174186706543
547,0.259897948783121,0.4654664993286133
548,0.2871749857325613,0.4752098321914673
549,0.26775274158995827,0.4725545048713684
550,0.2605475643534719,0.4620276093482971
551,0.26651650446432607,0.4519956111907959
552,0.27989315545117416,0.44872695207595825
553,0.262746105959386,0.44132572412490845
554,0.2803314850654131,0.4403986930847168
555,0.2665014855655623,0.4348083734512329
556,0.26087329932201053,0.43650466203689575
557,0.2504733948060024,0.43317538499832153
558,0.25768889836323117,0.43424344062805176
559,0.25964406390248995,0.4355100393295288
560,0.26122362231030877,0.4414951801300049
561,0.26747416272575475,0.4363784193992615
562,0.26570693872593065,0.43778175115585327
563,0.25658648323129724,0.4425170421600342
564,0.26233667061652666,0.44052499532699585
565,0.26281239221125474,0.4364469647407532
566,0.2534396869164926,0.434187114238739
567,0.25775757027261054,0.430205762386322
568,0.2625486342995255,0.4337339401245117
569,0.25671996893706145,0.4381093382835388
570,0.27168385261370814,0.4439919590950012
571,0.26615077993016184,0.4486563205718994
572,0.25573182032432085,0.45231956243515015
573,0.2552509793528804,0.44855695962905884
574,0.2620453010370702,0.4509957432746887
575,0.2602138563438698,0.45525842905044556
576,0.25867296368987475,0.4641185998916626
577,0.26138658582428353,0.46709656715393066
578,0.26548933762091176,0.4695128798484802
579,0.2658576626836518,0.4613143801689148
580,0.26532272129883,0.450883686542511
581,0.2606773450050825,0.4428589344024658
582,0.26850109115058995,0.44262516498565674
583,0.25514868674454866,0.4462646245956421
584,0.2589010184193835,0.4507496953010559
585,0.26509427729948065,0.4548393487930298
586,0.2797599604100357,0.458784282207489
587,0.26841379904452667,0.45997583866119385
588,0.2686951991952496,0.4552564024925232
589,0.2596926622920566,0.44527900218963623
590,0.2632404116936672,0.43454766273498535
591,0.25788655619562406,0.43246030807495117
592,0.2670733700563878,0.42632871866226196
593,0.2714132254506335,0.425325870513916
594,0.2652864051453861,0.4260721802711487
595,0.266145352964048,0.42945200204849243
596,0.260572710154969,0.43669426441192627
597,0.2557321404233391,0.45225822925567627
598,0.2653477037394488,0.4558161497116089
599,0.26971098596667065,0.45450448989868164
600,0.268885933322671,0.45673149824142456
601,0.25928372512629005,0.4548189640045166
602,0.25974223643173405,0.4586549401283264
603,0.26941276994752295,0.4567793011665344
604,0.27333901325861615,0.4574599862098694
605,0.2629481657051746,0.45578235387802124
606,0.2723514739377999,0.4603402614593506
607,0.26680481948970275,0.46739649772644043
608,0.2692577161906678,0.4781044125556946
609,0.2727063570493533,0.48346132040023804
610,0.26028759464805507,0.4837229251861572
611,0.2561575203766058,0.4821562170982361
612,0.2666198581825068,0.47531718015670776
613,0.2569260538360219,0.4689618945121765
614,0.25729807438673796,0.46384239196777344
615,0.2649195069148217,0.4646885395050049
616,0.2641553584440255,0.47113174200057983
617,0.26081851529486383,0.47033625841140747
618,0.2599423454131609,0.46919870376586914
619,0.26944442295733795,0.4656626582145691
620,0.25640546760441346,0.4555068612098694
621,0.265627078803969,0.4508365988731384
622,0.2649132933145688,0.447598397731781
623,0.2538778443395356,0.4478287100791931
624,0.2530713243249022,0.4480312466621399
625,0.25008933779634074,0.4539441466331482
626,0.2645154698395435,0.45266449451446533
627,0.27078842454486424,0.4550365209579468
628,0.2605813910931717,0.4557753801345825
629,0.254557677993068,0.45062339305877686
630,0.2559198192608209,0.4441247582435608
631,0.25308343436982894,0.44746148586273193
632,0.27127321781935515,0.45184415578842163
633,0.2615962102089399,0.45117753744125366
634,0.2429345441453251,0.44870293140411377
635,0.2543794601051896,0.4512949585914612
636,0.2678028462845602,0.4449506402015686
637,0.2653086715274387,0.427581787109375
638,0.2671630161779898,0.4066174030303955
639,0.25870896342359945,0.40405863523483276
640,0.2612645670219704,0.4012417793273926
641,0.26794255883605395,0.40886354446411133
642,0.26353484907268004,0.41594505310058594
643,0.2585740589801176,0.42377614974975586
644,0.25907813251754386,0.4266633987426758
645,0.2669704939112251,0.43237054347991943
646,0.2629389902691782,0.4437907338142395
647,0.2531498795674171,0.4459075331687927
648,0.2668005485593537,0.45231127738952637
649,0.2475957186133773,0.4470454454421997
650,0.2586257443015958,0.44475865364074707
651,0.2644371206377759,0.450644314289093
652,0.2586296127166277,0.44661545753479004
653,0.2633892062269611,0.43640637397766113
654,0.2659172702718664,0.4301013946533203
655,0.2735018060531145,0.42526209354400635
656,0.26798627185232843,0.4332312345504761
657,0.24636130421249955,0.4318616986274719
658,0.260023417296233,0.42992138862609863
659,0.2677310616881759,0.4299205541610718
660,0.26006934966570067,0.42297428846359253
661,0.2673757620799689,0.4278331995010376
662,0.2685363918174932,0.4286227226257324
663,0.24637625614802042,0.4241166114807129
664,0.26159593131807113,0.42978960275650024
665,0.27523888261229906,0.4334911108016968
666,0.2650706304444207,0.4368644952774048
667,0.2546787571024012,0.44227343797683716
668,0.24664041878264628,0.45006269216537476
669,0.26311896465442797,0.4499729871749878
670,0.26807591797393043,0.44336241483688354
671,0.2694452346107106,0.43433088064193726
672,0.2563357787367738,0.42838984727859497
673,0.26020687450597313,0.4275519847869873
674,0.2576111533023693,0.42275649309158325
675,0.27310465809739665,0.41448545455932617
676,0.2624496368714321,0.4103884696960449
677,0.2467020551363627,0.4052310585975647
678,0.2638708875503069,0.40939128398895264
679,0.2563810076242612,0.4151729941368103
680,0.26315171483122274,0.4241619110107422
681,0.257628356968915,0.43114566802978516
682,0.26946890427742476,0.4272955060005188
683,0.26649855537179074,0.4254227876663208
684,0.2573905086811678,0.42759954929351807
685,0.2616719669765896,0.4288288354873657
686,0.26100357594313445,0.4243801236152649
687,0.27761806161315356,0.42031532526016235
688,0.25647962976385047,0.41762155294418335
689,0.25676013584490176,0.4163604974746704
690,0.2612090081344416,0.41272032260894775
691,0.25468264832908727,0.41246509552001953
692,0.2670562914860101,0.4118054509162903
693,0.26367583245406917,0.412297785282135
694,0.25420124148145135,0.4192374348640442
695,0.2665060191978643,0.42476361989974976
696,0.25263786168746005,0.4237871766090393
697,0.2727510620046545,0.42485398054122925
698,0.26873261104395363,0.4244435429573059
699,0.24904897109961804,0.4247150421142578
700,0.2581408053268621,0.42143577337265015
701,0.2576623558998108,0.4256119132041931
702,0.2717663645744324,0.4330214858055115
703,0.2618236144383748,0.4346095323562622
704,0.2482333897072592,0.43287456035614014
705,0.25699963908136625,0.42913126945495605
706,0.27059592656147335,0.42867499589920044
707,0.25911601531652756,0.43000948429107666
708,0.2564196123017205,0.4322802424430847
709,0.2407305512899234,0.4272281527519226
710,0.25846319286911573,0.42866694927215576
711,0.25004890303552885,0.431626558303833
712,0.25267017991454516,0.4264189600944519
713,0.24681416705802636,0.42648863792419434
714,0.2515830706667017,0.42531251907348633
715,0.25214553983123217,0.43151307106018066
716,0.2591970106701792,0.4334712028503418
717,0.25636753255938305,0.42845386266708374
718,0.2569030295183629,0.42775189876556396
719,0.25688394499413764,0.4215887188911438
720,0.2560651530454188,0.4253265857696533
721,0.2555718230612484,0.4365237355232239
722,0.2536827995453352,0.4409492015838623
723,0.26861585511101616,0.44673866033554077
724,0.2751755111011458,0.45206761360168457
725,0.27363772892657623,0.4550548791885376
726,0.24777231687380943,0.44379937648773193
727,0.25342848271499446,0.42751312255859375
728,0.24544441479223747,0.42274945974349976
729,0.25430442742359494,0.4202999472618103
730,0.267039390993707,0.4190645217895508
731,0.2627582366083875,0.41489142179489136
732,0.25643589320006194,0.4159114360809326
733,0.25486873770937507,0.41675496101379395
734,0.256685588830783,0.41964447498321533
735,0.2528503860956357,0.4231909513473511
736,0.2573260760601656,0.42614036798477173
737,0.2692273038404959,0.42057281732559204
738,0.2571943225683989,0.40887296199798584
739,0.24334290145355977,0.41353780031204224
740,0.25942910306247663,0.4199310541152954
741,0.2718920052787404,0.4251672029495239
742,0.2618130990016608,0.42385512590408325
743,0.254507616714195,0.4126448631286621
744,0.25770830813749335,0.40773069858551025
745,0.2504442370968101,0.40246808528900146
746,0.25546087894910646,0.40508973598480225
747,0.2532313848719185,0.3995356559753418
748,0.2568907333009037,0.3998391032218933
749,0.2580161852601134,0.4019583463668823
750,0.26029005462740673,0.4043867588043213
751,0.26608324933935096,0.4037509560585022
752,0.25863064880724307,0.4000951051712036
753,0.26569924089643693,0.3986894488334656
754,0.24616339177261165,0.3982599377632141
755,0.2580590306976695,0.4026082754135132
756,0.25194981583842524,0.4055168628692627
757,0.2515882165343673,0.4048636555671692
758,0.2560790791923617,0.4053035378456116
759,0.2518355905273814,0.41154587268829346
760,0.26257218917210895,0.4158199429512024
761,0.26338487642782704,0.4219241738319397
762,0.25087117192185954,0.4278672933578491
763,0.2543363563808394,0.4320446252822876
764,0.25701523415836286,0.41303056478500366
765,0.2564829808694345,0.4061952233314514
766,0.25533232350408297,0.403314471244812
767,0.2572481426191919,0.39967846870422363
768,0.2626598433211998,0.39763587713241577
769,0.26022397147284615,0.3986322283744812
770,0.25365849924676215,0.3971254229545593
771,0.25786003286455883,0.39991432428359985
772,0.254641972206257,0.4040837287902832
773,0.25839858290589884,0.40355002880096436
774,0.25695097225683705,0.4044923186302185
775,0.2543951920521112,0.4051584005355835
776,0.25816195614543963,0.40496450662612915
777,0.26249556924089973,0.40444445610046387
778,0.2657266487309962,0.4024087190628052
779,0.2568350942046554,0.4050203561782837
780,0.2546849478909999,0.4036436676979065
781,0.2653492431581756,0.4047200083732605
782,0.2577690931014073,0.4138924479484558
783,0.2635225396097442,0.4220784902572632
784,0.26050385428063666,0.41653895378112793
785,0.26196380529874636,0.41583001613616943
786,0.26631586639969435,0.419231116771698
787,0.25260358018639645,0.41287869215011597
788,0.2530291065757657,0.4137910008430481
789,0.25365416061731033,0.4103432297706604
790,0.26474750262719615,0.4093555212020874
791,0.25848396177645083,0.4074646234512329
792,0.2507196142349714,0.40801650285720825
793,0.2601455008542096,0.40485262870788574
794,0.2623525990380181,0.4061497449874878
795,0.245056445951815,0.40833795070648193
796,0.25789782883208473,0.40612345933914185
797,0.26291783062028296,0.4004216194152832
798,0.25746870703167385,0.39566248655319214
799,0.2584345355445956,0.395333468914032
800,0.25573730321578036,0.3899451494216919
801,0.2652952163307755,0.385985791683197
802,0.2657674389120973,0.3888741135597229
803,0.25671038068371055,0.39592671394348145
804,0.26981450819674835,0.4039953947067261
805,0.2537166726442031,0.4092448949813843
806,0.25971474765259545,0.4128708243370056
807,0.23626357905658674,0.41314083337783813
808,0.2546391288439433,0.41622382402420044
809,0.2622239287988639,0.4177684187889099
810,0.26520590428952817,0.42388099431991577
811,0.25315078761842513,0.43473726511001587
812,0.2564258884500574,0.44118595123291016
813,0.2706811045422966,0.4373111128807068
814,0.242764096201202,0.4334828853607178
815,0.2544497347172396,0.4306507706642151
816,0.2571717154832534,0.4244997501373291
817,0.26210969980852106,0.42572784423828125
818,0.2647306234748275,0.42419666051864624
819,0.25978685161213816,0.42913681268692017
820,0.2592446031393828,0.43296343088150024
821,0.25942173195473944,0.4394240379333496
822,0.26013601341365294,0.4460594058036804
823,0.25767758010346214,0.4464241862297058
824,0.2530256818842005,0.44517773389816284
825,0.25209064395339403,0.44080764055252075
826,0.2588466361716942,0.4361538290977478
827,0.2574670601774145,0.4324912428855896
828,0.254662897851732,0.4277845025062561
829,0.2594531178474426,0.4223100543022156
830,0.2580545426886759,0.41798293590545654
831,0.24850545400454674,0.41444772481918335
832,0.2561539249655641,0.4089360237121582
833,0.25762001967724457,0.4056618809700012
834,0.253237650718218,0.40827685594558716
835,0.2667824147660055,0.4132164716720581
836,0.25386059284210205,0.43078696727752686
837,0.2501262293921577,0.4394873380661011
838,0.2524546370094205,0.44188451766967773
839,0.25848713406810053,0.4403613805770874
840,0.269941407221335,0.4396408796310425
841,0.259989979090514,0.4441415071487427
842,0.2531294579859133,0.44096875190734863
843,0.25594568841251325,0.43765413761138916
844,0.256830620912858,0.43403369188308716
845,0.25225754063806416,0.4271620512008667
846,0.24966772691703137,0.4330798387527466
847,0.24700219910821797,0.44304150342941284
848,0.2639724516574247,0.44779902696609497
849,0.2531981909716571,0.4506816864013672
850,0.2708203873516601,0.4472671151161194
851,0.2638174464673172,0.450173556804657
852,0.2548175181871579,0.4529964327812195
853,0.24739091263877022,0.4561958312988281
854,0.2661828038133221,0.44938480854034424
855,0.24939397161389576,0.4447108507156372
856,0.24882193627180876,0.43388181924819946
857,0.25709426035115746,0.4303179383277893
858,0.2588993723009839,0.42285752296447754
859,0.2543476967164028,0.4134959578514099
860,0.26249512036641437,0.41216301918029785
861,0.25119122752436884,0.40617626905441284
862,0.2508634424503939,0.41378867626190186
863,0.26226243119180936,0.41662532091140747
864,0.27016401953167385,0.4173457622528076
865,0.26000728062641476,0.4136117696762085
866,0.25611268517411784,0.41656655073165894
867,0.26631457055056534,0.42846983671188354
868,0.2552045237870864,0.43644505739212036
869,0.26410554147061005,0.44648194313049316
870,0.2659588662194617,0.4428642988204956
871,0.2552660298936161,0.44161009788513184
872,0.2563685693858582,0.43803709745407104
873,0.2390040181301258,0.4353450536727905
874,0.2522600329952476,0.4310453534126282
875,0.25350342635755185,0.427571177482605
876,0.25837880888102965,0.42274028062820435
877,0.2607281907105152,0.422741174697876
878,0.2556680072972804,0.4213954210281372
879,0.2566280181025281,0.420657753944397
880,0.2455551513919124,0.42325127124786377
881,0.2556477365670381,0.42133694887161255
882,0.2594523510815185,0.42610692977905273
883,0.2548501322298874,0.42763185501098633
884,0.26441702945732776,0.42931193113327026
885,0.24597278274135825,0.427121102809906
886,0.25754976493340953,0.41749680042266846
887,0.2546144988801744,0.4141530394554138
888,0.24488020384753192,0.4098902940750122
889,0.2601805822348889,0.40724271535873413
890,0.260988688763277,0.4023113250732422
891,0.2545332849761586,0.4027150869369507
892,0.2541470409911356,0.3975244164466858
893,0.25335916839999917,0.39910632371902466
894,0.25093490400432067,0.39972954988479614
895,0.24850738122139449,0.40168023109436035
896,0.25511897051775895,0.4007015824317932
897,0.25376694437898234,0.405570924282074
898,0.25476239640035747,0.40593600273132324
899,0.25853847132788765,0.40611088275909424
900,0.25703824523054525,0.41044193506240845
901,0.256156470304654,0.4162536859512329
902,0.23943765001532472,0.4214285612106323
903,0.25346369287114084,0.41993653774261475
904,0.23871608428013177,0.4155121445655823
905,0.24155926704406738,0.4193645119667053
906,0.2480073144406448,0.4172095060348511
907,0.23587757864116152,0.40859830379486084
908,0.2426062579508181,0.406202495098114
909,0.24242820710311702,0.41860663890838623
910,0.2508552552741251,0.4209062457084656
911,0.23612146760210578,0.41855186223983765
912,0.24222545344152568,0.4076051712036133
913,0.24481179316838583,0.39616256952285767
914,0.24426005872679346,0.3877529501914978
915,0.23722213506698608,0.379693865776062
916,0.23933303503342618,0.37400954961776733
917,0.2307905473826844,0.3703339099884033
918,0.23527939010549476,0.36628061532974243
919,0.23997077897742944,0.3716527223587036
920,0.231510051238684,0.39105790853500366
921,0.24820871632776143,0.4099186062812805
922,0.22752738072548384,0.41651999950408936
923,0.2326886197667063,0.4172654151916504
924,0.24088911068292312,0.4142913818359375
925,0.23987413630073454,0.4147958755493164
926,0.22502719325783813,0.41146886348724365
927,0.22952710919910008,0.4055883288383484
928,0.22299507591459486,0.4010782837867737
929,0.21289929342858585,0.3992839455604553
930,0.21628245895291554,0.40543609857559204
931,0.21900519103179744,0.39915770292282104
932,0.23416763544082642,0.38802456855773926
933,0.2231534587012397,0.3931097388267517
934,0.2215945338025505,0.39068400859832764
935,0.22176581106068174,0.3876885175704956
936,0.22534367037408146,0.39348816871643066
937,0.22610226383915655,0.3911595940589905
938,0.23242483609988365,0.3908626437187195
939,0.2225765953829259,0.39394861459732056
940,0.23200187859711824,0.3903353214263916
941,0.2197582854164971,0.387323260307312
942,0.2246846483077532,0.386135995388031
943,0.22733920371090924,0.3868805766105652
944,0.22023377447952458,0.38644522428512573
945,0.21079166730244955,0.3901541829109192
946,0.21515397745885967,0.3945218324661255
947,0.2225246591332518,0.3963460326194763
948,0.23260171325118453,0.3969764709472656
949,0.2161913867349978,0.39197516441345215
950,0.21453097499447105,0.3876112699508667
951,0.21822281899275603,0.3845698833465576
952,0.22062505542496105,0.3857383728027344
953,0.23335401585072646,0.3890520930290222
954,0.2146973028595065,0.3868095874786377
955,0.22780674843140591,0.39003127813339233
956,0.22265100258368034,0.38737034797668457
957,0.23152226945500315,0.3909188508987427
958,0.21962540532335822,0.3948978781700134
959,0.2179098379464797,0.39897292852401733
960,0.22034104150018574,0.4052206873893738
961,0.2113256792963287,0.4005851149559021
962,0.21932757710233147,0.40127694606781006
963,0.22185468232190167,0.3964042067527771
964,0.22378841520827494,0.3922666907310486
965,0.2105380591051078,0.3976643681526184
966,0.2253949362554668,0.39973974227905273
967,0.22774680234767772,0.41242122650146484
968,0.21403438441547346,0.42102372646331787
969,0.21613317875214566,0.4177775979042053
970,0.23078094146869801,0.4206966757774353
971,0.2212430054758802,0.4130507707595825
972,0.22234947813881767,0.4153969883918762
973,0.22455759990362473,0.41363781690597534
974,0.21792869067486423,0.4012550115585327
975,0.2334867340547067,0.3968338966369629
976,0.22149798825935083,0.3886582851409912
977,0.21060525414384443,0.3875301480293274
978,0.21671154690377506,0.3875497579574585
979,0.20910375500902717,0.38824033737182617
980,0.22078165816672055,0.39163196086883545
981,0.2212415874740224,0.3956272602081299
982,0.2318738963868883,0.40931689739227295
983,0.22901642984814113,0.4168046712875366
984,0.22115960312478336,0.4147806167602539
985,0.2200060236601182,0.41195541620254517
986,0.22213189101513522,0.4027508497238159
987,0.22751669972031205,0.3961902856826782
988,0.23398149602207136,0.3940463066101074
989,0.2117833340609515,0.3932746648788452
990,0.21490109702687205,0.394691526889801
991,0.22850237952338326,0.39135152101516724
992,0.23053334966117953,0.3887637257575989
993,0.22481398965105598,0.39500540494918823
994,0.22255985457220195,0.3942298889160156
995,0.22169040309058297,0.4011574387550354
996,0.21924910501197534,0.4121840000152588
997,0.2316410188321714,0.4107048511505127
998,0.2290200745617902,0.4109487533569336
999,0.22006468051745567,0.40504777431488037
